from datetime import date, timedelta
from pathlib import Path
import csv
import math

output_path = Path('/home/ubuntu/dronacharya/data/sample_agriculture_long.csv')
output_path.parent.mkdir(parents=True, exist_ok=True)

columns = [
    'record_id', 'date', 'region', 'field_id', 'crop_type', 'field_area_hectares',
    'rainfall_mm', 'temperature_c', 'humidity_percent', 'soil_moisture_percent',
    'soil_ph', 'irrigation_liters', 'fertilizer_kg', 'pest_pressure_index',
    'solar_hours', 'wind_speed_kmh', 'water_cost_usd', 'market_price_usd_per_tonne',
    'yield_tonnes', 'quality_grade', 'notes'
]

regions = ['North Basin', 'Green Valley', 'East Ridge', 'River Plain', 'South Fields', 'Central Grove']
fields = ['F-101', 'F-102', 'F-103', 'F-104', 'F-105', 'F-106', 'F-107', 'F-108', 'F-109', 'F-110']
crops = ['Wheat', 'Rice', 'Maize', 'Soybean', 'Cotton']
notes = ['Normal season', 'Irrigation adjusted', 'Rainfall watch', 'Pest monitoring', 'Soil test completed', 'Harvest preparation']

rows = []
start = date(2022, 1, 1)
for index in range(1200):
    current = start + timedelta(days=index)
    region_index = (index // 20) % len(regions)
    field_index = (index // 7) % len(fields)
    crop_index = (index // 90) % len(crops)
    region = regions[region_index]
    field_id = fields[field_index]
    crop = crops[crop_index]

    seasonal = math.sin((current.timetuple().tm_yday / 365.25) * math.pi * 2)
    short_cycle = math.sin(index / 17)
    rainfall = 58 + seasonal * 28 + short_cycle * 11 + (region_index - 2) * 2.5
    rainfall = max(4, rainfall)
    temperature = 25.5 - seasonal * 5.2 + math.sin(index / 31) * 1.7 + crop_index * 0.25
    humidity = 61 + seasonal * 14 + math.cos(index / 23) * 7
    soil_moisture = 46 + rainfall * 0.27 + math.sin(index / 13) * 4 - field_index * 0.45
    soil_moisture = max(18, min(92, soil_moisture))
    soil_ph = 6.1 + math.sin(index / 97) * 0.35 + (field_index % 3) * 0.08
    irrigation = 920 + (62 - rainfall) * 8 + crop_index * 85 + (field_index % 4) * 30
    irrigation = max(300, irrigation)
    fertilizer = 42 + crop_index * 5 + math.sin(index / 41) * 7 + (field_index % 3) * 2
    fertilizer = max(18, fertilizer)
    pest_pressure = 34 + seasonal * 15 + math.sin(index / 19) * 12 + (crop_index % 2) * 5
    pest_pressure = max(4, min(96, pest_pressure))
    solar_hours = 6.2 - seasonal * 1.4 + math.sin(index / 27) * 0.9
    wind_speed = 11 + math.cos(index / 29) * 4.5 + region_index * 0.35
    water_cost = irrigation * (0.0018 + region_index * 0.00012)
    market_price = 242 + crop_index * 88 + math.sin(index / 51) * 18 + region_index * 3

    crop_factor = [1.02, 1.15, 1.08, 0.93, 0.88][crop_index]
    moisture_factor = max(0.45, 1 - abs(soil_moisture - 62) / 150)
    rainfall_factor = max(0.5, 1 - abs(rainfall - 62) / 220)
    pest_factor = max(0.52, 1 - pest_pressure / 230)
    yield_value = (3.05 + soil_moisture / 48 + rainfall_factor + moisture_factor + solar_hours / 18 - pest_pressure / 100) * crop_factor
    yield_value += math.sin(index / 8) * 0.12 + (field_index % 4) * 0.035
    yield_value = max(1.3, yield_value)

    if yield_value >= 7.0:
        grade = 'A'
    elif yield_value >= 5.3:
        grade = 'B'
    elif yield_value >= 3.7:
        grade = 'C'
    else:
        grade = 'D'

    row = {
        'record_id': f'AGR-{index + 1:05d}',
        'date': current.isoformat(),
        'region': region,
        'field_id': field_id,
        'crop_type': crop,
        'field_area_hectares': round(2.5 + (field_index % 6) * 0.75, 2),
        'rainfall_mm': round(rainfall, 2),
        'temperature_c': round(temperature, 2),
        'humidity_percent': round(max(25, min(98, humidity)), 2),
        'soil_moisture_percent': round(soil_moisture, 2),
        'soil_ph': round(soil_ph, 2),
        'irrigation_liters': round(irrigation, 2),
        'fertilizer_kg': round(fertilizer, 2),
        'pest_pressure_index': round(pest_pressure, 2),
        'solar_hours': round(max(2, solar_hours), 2),
        'wind_speed_kmh': round(max(1, wind_speed), 2),
        'water_cost_usd': round(water_cost, 2),
        'market_price_usd_per_tonne': round(market_price, 2),
        'yield_tonnes': round(yield_value, 3),
        'quality_grade': grade,
        'notes': notes[index % len(notes)],
    }

    # Controlled imperfections make the file useful for testing DRONACHARYA's cleaning report.
    if index in {87, 314, 699, 1048}:
        row['rainfall_mm'] = ''
    if index in {153, 522, 911}:
        row['soil_ph'] = ''
    if index in {236, 777}:
        row['pest_pressure_index'] = ''
    rows.append(row)

# Add three exact duplicate records so duplicate detection can be demonstrated.
rows.extend([rows[119].copy(), rows[487].copy(), rows[888].copy()])

with output_path.open('w', encoding='utf-8', newline='') as csv_file:
    writer = csv.DictWriter(csv_file, fieldnames=columns)
    writer.writeheader()
    writer.writerows(rows)

print(f'Wrote {len(rows)} rows to {output_path}')
print(f'Columns: {len(columns)}')
print('Synthetic dataset: generated for application testing only; not an official agricultural record.')
